model,task_id,step,action_taken,reasoning,reward,cumulative_score,done,error
checkpoints/qwen3_grpo_unsloth/merged_16bit,traffic_spike,1,{'command': 'no_op'},"Okay, let's tackle this problem. The user provided a current system state and wants me to determine the appropriate kubectl command to prevent cascading failure. Let me start by breaking down the metrics given.

First, looking at the CPU loads: they're all below 0.5, which is pretty low. The memory utilizations are all at 0.2, so no immediate OOM risk. The queue lengths are varying between 7 and 15, which might indicate some load, but not sure yet. The latency is 20ms, which is under the 50ms threshold mentioned in the task hint. Request rate is 300, which is 3x normal. The task hint says there's a traffic spike, so I need to handle that.

The io_wait is 0.0, so no disk bottleneck. p99_latency is 0.0, which seems odd. Maybe that's a typo or zero because the system is stable. Error budget is 100.0, which is high. The failed_nodes list is empty, so no nodes are down. 

Now, applying the triage rules. Let's go through each one:

1. OOM IMMINENT: mem_utilizations are all 0.2, so no.
2. SPLIT-BRAIN: io_wait is 0.0, so no.
3. HOT SHARD: CPU loads are all low, average is around 0.48. No single node is over 0.90. So no.
4. RETRY STORM: p99_latency is 0.0, so no.
5. CONNECTION DEADLOCK: CPUs are low but p99_latency is 0.0. Doesn't fit.
6. BLACK SWAN: failed_nodes is empty. No.
7. DATABASE SURVIVAL: DB node (node-0) CPU is 0.532, which is under 0.80. So no.
8. SAFE SCALING: Avg worker CPU is 0.48, which is below 0.75. So no.
9. HEALTHY / FLAPPING TRAP: Metrics are stable? The queue lengths are fluctuating but not sure if it's stable. The task hint mentions a traffic spike, so maybe it's not stable. But the latency is low, and error budget is high. 

Wait, the task hint says the system is experiencing 3x normal request volume. The request rate is 300, which is 3x normal. The latency is 20ms, which is under 50ms. But maybe the queue lengths are increasing. The queue_lengths are [8,15,14,9,9,11,7,7]. The average might be around 10. So maybe there's some load, but not enough to trigger any of the rules. 

Since none of the triage rules apply, the correct action is no_op. But wait, the task hint says to consider scaling up or throttling. However, according to the rules, safe scaling requires avg CPU >0.75 and error budget >20. Here, avg CPU is 0.48, so no. Throttling would burn error budget, but maybe not necessary. Since none of the rules apply, the answer is no_op.",-5.0,0.4625,False,
checkpoints/qwen3_grpo_unsloth/merged_16bit,traffic_spike,2,{'command': 'kubectl throttle ingress --rate=0.7'},"Okay, let's tackle this problem. The user provided a current system state with various metrics. My job is to figure out which of the nine triage rules applies here and then output the appropriate kubectl command.

First, I'll parse the system state. The key metrics here are cpu_loads, mem_utilizations, failed_nodes, and the action_errors. The action_errors mention that the Database Node-0 crashed due to 100% CPU lockup, and all app server processing is halted until the DB is restarted. Also, the task hint says there's a traffic spike, 3x normal request volume. The goal is to keep latency below 50ms and maintain full uptime.

Looking at the triage rules:

Rule 1: OOM IMMINENT if any mem_utilization > 0.92. The mem_utilizations are all below 0.32, so no issue here.

Rule 2: SPLIT-BRAIN if node_0's io_wait > 0.80. The io_wait is 0.0, so not applicable.

Rule 3: HOT SHARD if one worker's CPU > 0.90 and average is low. The cpu_loads are [0.0, 0.948, 0.958, 0.917, 0.804, 0.928, 0.85, 0.908]. The average CPU load isn't given, but the first node has 0.0, others are high. However, the DB node (node 0) is failed, so maybe the workers are overloaded. But the task hint mentions a traffic spike, so maybe the workers are under stress. However, the failed_nodes include node 0, which is the DB. So the DB is down, causing the app servers to halt. 

Rule 7: DATABASE SURVIVAL if node-0 (DB) cpu_load > 0.80. The action_errors say the DB crashed due to 100% CPU, so cpu_load is definitely over 0.80. So Rule 7 applies here. The command would be to throttle ingress to 0.7, which is the action for Rule 7. But wait, the task hint says the DB is crashed, so maybe we need to protect the remaining nodes. However, the DB is the stateful node, and the app workers are stateless. Since the DB is down, the app servers can't process requests. So the immediate action is to throttle traffic to prevent more requests from coming in, which would burn the error budget but protect the DB. 

But the action_errors mention that the DB is crashed, so the main issue is the DB being down. However, the triage rules don't have a direct rule for DB crashes. Rule 7 is for when the DB's CPU is high, leading to survival. But in this case, the DB is already crashed. However, the task hint says the goal is to keep latency below 50ms and maintain full uptime. Since the DB is crashed, the app servers can't process requests. So the main action here is to throttle traffic to prevent more requests from hitting the DB, which is already down. 

Looking at the available commands, throttling ingress with --rate=0.7 would reduce the load on the DB. But since the DB is already crashed, maybe the priority is to prevent further damage. However, the action_errors indicate that the DB is down, so the main issue is the DB being crashed. But according to the triage rules, Rule 7 is for when the DB's CPU is high, leading to survival. But in this case, the DB is already crashed. However, the task hint says the DB is crashed, so maybe we need to apply Rule 7's action, which is to throttle ingress. 

Alternatively, maybe the DB is the node 0, which is in failed_nodes. The failed_nodes array includes 0, so node 0 is down. The task hint says the DB is crashed, so the main problem is the DB being down. But according to the triage rules, Rule 7 is triggered if the DB's CPU is over 0.80. However, the DB is already crashed, so perhaps the CPU is at 100%, which is over 0.80. Therefore, Rule 7 applies, and the action is to throttle ingress to 0.7. 

Alternatively, maybe the failed_nodes are causing the DB to be down, and the action is to throttle to prevent more traffic, which would help the DB recover. But the triage rules don't have a direct action for DB failure. However, Rule 7 is the closest. 

So, the correct action here is to apply Rule 7, which is to throttle ingress to 0.7. That would reduce the load on the DB, which is already crashed, preventing further issues. 

Another thing to check: the task hint mentions a traffic spike, so throttling is needed. The error budget is 100.0, which is high enough to allow some throttling. 

Therefore, the answer should be to apply Rule 7's action: kubectl throttle ingress --rate=0.7.",-5.0,0.4492,False,
