Qwen/Qwen3-8B,traffic_spike,1,{'command': 'no_op'},"Okay, let's tackle this problem step by step. The user provided a current system state with various metrics, and I need to determine the appropriate action based on the triage rules.

First, I'll look at the key metrics. The task hint mentions a traffic spike, 3x normal request volume. The request_rate is 300.0, and request_rate_norm is 0.06, which might indicate that the normal rate is lower. The latency_ms is 20.0, which is below the 50ms threshold mentioned in the task, so that's good. However, the p99_latency is 0.0, which seems odd. Maybe that's a placeholder or error in the data.

Looking at the triage rules:

1. **OOM IMMINENT**: Check if any mem_utilizations > 0.92. The mem_utilizations are all 0.2 except for node 1 which is -1.0 (probably an error). So no OOM risk here.

2. **SPLIT-BRAIN**: Check if node_0 (DB) io_wait > 0.80. The io_wait is 0.0, so no issue.

3. **HOT SHARD**: Check if one worker's CPU > 0.90 while average is low. The cpu_loads are [0.471, -1.0, 0.416, 0.513, 0.489, 0.407, 0.501, 0.4]. The average seems low, but node 3 has 0.513, node 6 has 0.501. None exceed 0.90. So no hot shard.

4. **RETRY STORM / THUNDERING HERD**: Check if p99_latency > 100 and traffic spiking. p99_latency is 0.0, so no.

5. **CONNECTION DEADLOCK**: Check if a worker has low CPU but high p99_latency. p99_latency is 0.0, so no.

6. **BLACK SWAN**: Check if multiple nodes are failed. failed_nodes is empty, so no.

7. **DATABASE SURVIVAL**: Check if DB cpu_load > 0.80. DB is worker-0 with 0.4708, which is below 0.80. So no.

8. **SAFE SCALING**: Check if avg worker CPU > 0.75 and error_budget > 20. The average CPU seems low (most are around 0.4-0.5). Even though error_budget is 100, the CPU average isn't high enough. So scaling isn't needed here.

9. **HEALTHY / FLAPPING TRAP**: Metrics are stable or oscillating slightly. The task hint says there's a traffic spike, but the current metrics might not show instability. However, the request_rate is 300, which is 3x normal. The system might be handling it, but the triage rules don't trigger any action here. The task hint suggests considering scaling up or throttling. Since the latency is under control, maybe no action is needed. But the task hint says to minimize unnecessary actions. However, the error_budget is 100, which is high. Wait, the triage rule 8 requires avg CPU > 0.75 and error_budget >20. Here, the average CPU is around 0.47 (from the cpu_loads, averaging the non -1.0 values). So avg is low. So rule 8 doesn't apply. 

But the task hint says there's a traffic spike. The current latency is 20ms, which is under 50ms. Maybe the system is handling it. However, the queue_lengths are [6, -1, 8, 7, 10, 14, 11, 14]. Node 5 and 7 have queue depths of 14, which might indicate some congestion. But the triage rules don't have a rule for queue length. The rules focus on CPU, memory, I/O, latency, etc. 

Since none of the triage rules apply, the default is no_op. But the task hint says to consider scaling up. However, according to the triage rules, scaling up is only done via rule 8 if avg CPU >0.75 and error budget >20. Here, avg CPU is low, so scaling isn't triggered. Therefore, the correct action is no_op. But wait, the task hint says the system is experiencing 3x normal request volume. Maybe the error_budget is sufficient, and the latency is okay. So no action is needed. Hence, the answer is no_op.",-1000.0,0.4625,False,
Qwen/Qwen3-8B,traffic_spike,2,{'command': 'kubectl throttle ingress --rate=0.7'},"Okay, let's tackle this problem step by step. The user provided a complex system state with various metrics, and I need to determine the correct kubectl command to prevent cascading failure. 

First, I'll parse the current system state. The key metrics here are the cpu_loads, which show that nodes 2 through 7 have CPU loads at 1.0, which is maxed out. The failed_nodes array includes node 0, which is the database. The task hint mentions a traffic spike, so the system is under higher load than normal.

Looking at the triage rules, the first thing to check is OOM IMMINENT. The mem_utilizations for the nodes are all below 0.92 except maybe node 2 at 0.304, so no immediate OOM risk there. 

Next, the SPLIT-BRAIN condition checks if the DB node (node 0) has io_wait > 0.80. The io_wait is 0.0, so that's not the issue. 

Then, the HOT SHARD rule: if one worker's CPU is high while the average is low. The average CPU seems high because multiple nodes are at 1.0. But the task hint says there's a traffic spike, so maybe the load is uneven. However, the CPU loads for nodes 2-7 are all maxed, so maybe they're all overloaded. 

The RETRY STORM condition checks if p99_latency is over 100 and traffic is spiking. The p99_latency is 0.0, so that's not applicable. 

The CONNECTION DEADLOCK rule: if a worker has low CPU but high latency. The latency is 99.67ms, which is close to 100ms. But the CPU for node 2 is 0.972, which is high. Wait, the failed_nodes include node 0, which is the DB. The action_errors mention the DB crashed due to 100% CPU. So the DB is down, and all app servers are halted. 

Looking at the DATABASE SURVIVAL rule: if DB node (node 0) has CPU load > 0.80. The DB's CPU is 0.0 according to the prometheus metrics. Wait, the DB node is worker-0, and the cpu_utilization for worker-0 is 0.0. But the action_errors say the DB crashed due to 100% CPU. There's a discrepancy here. Maybe the metrics are delayed or there's an error in the data. 

The task hint says the DB is crashed, so the main issue is the DB being down. The failed_nodes include node 0, which is the DB. The action_errors indicate that the DB is down, causing app servers to halt. So the priority is to protect the DB. 

Looking at the triage rules again, the DATABASE SURVIVAL rule (rule 7) says if DB node CPU > 0.80, throttle ingress. But in the current state, the DB's CPU is 0.0. However, the action_errors mention the DB crashed due to 100% CPU. This might be a data inconsistency. Alternatively, maybe the DB node's CPU is not being reported correctly. 

Alternatively, maybe the DB is down, and the app servers are not processing because of that. The task hint says to keep latency below 50ms and maintain uptime. Since the DB is down, the app servers can't process requests. The main action here is to prevent further issues. 

Looking at the available commands, throttling ingress would reduce the load on the DB, but since it's already down, maybe we need to scale up the app servers to handle the traffic. However, scaling up takes 3 steps. But the error budget is 100, which is high. 

Wait, the task hint says the system is experiencing 3x normal request volume. The current request_rate is 300.0, which is 3x normal. The error_budget is 100.0, which is sufficient for some throttling. 

But the main problem is the DB is down. The action_errors indicate that the DB node failed, so the app servers are halted. The triage rules don't directly address DB failure, but the DATABASE SURVIVAL rule (rule 7) is about DB CPU. However, the DB's CPU is 0.0 in the metrics. This might be a data issue. 

Alternatively, maybe the DB is in a failed state, and the app servers can't process. The task is to prevent cascading failure. Since the DB is down, the app servers are not working. The solution would be to either fix the DB or scale up the app servers to handle the traffic. 

But scaling up takes 3 steps. The SAFE SCALING rule (rule 8) says if avg worker CPU > 0.75 and error_budget > 20, scale up. The average worker CPU is 1.0 (nodes 2-7 are at 1.0), which is over 0.75. Error budget is 100, which is over 20. So according to rule 8, we should scale up. However, scaling up takes 3 steps, but the task hint says to minimize unnecessary actions. 

But the DB is down, and the app servers are halted. Scaling up might not help if the DB isn't working. However, the task is to keep latency below 50ms. If the DB is down, the latency is already high (99.67ms). So the priority is to protect the DB. 

Wait, the action_errors mention that the DB node failed, so the app servers can't process. The only way to proceed is to either fix the DB or throttle traffic to prevent more load. 

Looking back at the triage rules, rule 6 is BLACK SWAN if multiple nodes are failed. But failed_nodes is [0], which is one node. So that's not applicable. 

Rule 2 is SPLIT-BRAIN if DB io_wait > 0.8, but it's 0.0. 

Rule 7: DB CPU > 0.8. But DB's CPU is 0.0. 

But the DB is down, which is a critical issue. The action_errors indicate that the DB crashed due to 100% CPU. So perhaps the DB's CPU is actually high, but the metric is not updated yet. 

In that case, even though the metric shows 0.0, the actual state is that the DB is at 100% CPU. So applying rule 7 would be to throttle ingress to protect the DB. 

But the DB is already down, so throttling might not help. However, the task is to prevent cascading failure. 

Alternatively, maybe the DB is down, and the app servers are not processing, so the main action is to scale up the app servers. But scaling up requires 3 steps. 

But according to rule 8, if avg worker CPU is >0.75 and error_budget >20, scale up. The avg worker CPU is 1.0 (nodes 2-7 are at 1.0), which is over 0.75. Error budget is 100, which is over 20. So rule 8 applies, and we should scale up. 

But the task hint says to minimize unnecessary actions. However, the DB is down, so scaling up might not help. But according to the triage rules, rule 8 is applicable. 

Alternatively, the DB is down, so the app servers are not processing. The only way to proceed is to either fix the DB or throttle traffic. 

But the triage rules don't have a direct rule for DB failure. So perhaps the best action is to scale up the app servers to handle the traffic, even though the DB is down. 

Wait, but the DB is the stateful node. If the DB is down, the app servers can't process requests. So scaling up the app servers would not help. 

This is a bit confusing. Let me recheck the triage rules. 

Rule 7: If DB node CPU > 0.8, throttle ingress. But the DB's CPU is 0.0 in the metrics. But the action_errors say the DB crashed due to 100% CPU. So perhaps the metric is delayed. In that case, we should apply rule 7. 

But the DB is down, so throttling might not help. However, the task is to prevent cascading failure. 

Alternatively, since the DB is down, the app servers are halted. The main action is to throttle traffic to prevent further load on the DB (which is already down), but that's not helpful. 

Alternatively, the main issue is the DB being down, and the app servers are not processing. The solution would be to restart the DB. But the available commands don't include restarting the DB. The only command related to DB is in rule 7. 

Alternatively, maybe the DB is node 0, which is failed. The failed_nodes include node 0. The task is to prevent cascading failure. 

In this case, the correct action might be to throttle ingress to protect the DB, even though it's down. 

But the triage rules don't have a direct rule for DB failure. So perhaps the best action is to apply rule 7, which is the DATABASE SURVIVAL rule, even if the metric seems conflicting. 

So the action would be kubectl throttle ingress --rate=0.7, as per rule 7. 

Alternatively, if the DB is down, the main problem is the app servers not processing, so the action might be to scale up the app servers. 

But according to the triage rules, rule 8 is applicable. 

Wait, the triage rules are in order. So first check for OOM, then split-brain, etc. 

In the current state, the DB is failed, so the main issue is the DB. 

But according to the triage rules, the first applicable rule would be rule 7 (DATABASE SURVIVAL) if the DB CPU is over 0.8. However, the metric shows 0.0. 

This is conflicting. 

Alternatively, maybe the DB is the node 0, which is in failed_nodes. The action_errors indicate that the DB crashed due to 100% CPU. So even though the metric shows 0.0, the actual state is that the DB is at 100% CPU. 

In that case, the correct action is rule 7: throttle ingress to 0.7. 

But the DB is already down, so throttling might not help. However, according to the rules, that's the action. 

Alternatively, the main issue is the DB being down, and the app servers are halted. The solution is to scale up the app servers to handle the traffic. 

But the triage rules say to apply rule 8 if avg worker CPU >0.75 and error_budget >20. The avg worker CPU is 1.0 (nodes 2-7 are at 1.0), and error budget is 100. So rule 8 applies. 

But the app servers are not processing because the DB is down. So scaling up would not help. 

This is a tricky situation. 

Perhaps the correct action is to throttle ingress to protect the DB, even though it's down. So apply rule 7. 

But the DB is already down, so throttling might not help. However, the task is to prevent cascading failure. 

Alternatively, since the DB is down, the app servers are not processing, and the task is to keep latency below 50ms. The current latency is 99.67ms. So throttling traffic to reduce the load on the DB (which is down) might not help, but it's the only available action per the triage rules. 

In this case, the correct action would be to apply rule 7: throttle ingress to 0.7. 

But I need to check the triage rules again. 

Rule 7: If DB node CPU > 0.80, throttle ingress to 0.7. 

But the DB's CPU is 0.0 in the metrics. However, the action_errors say the DB crashed due to 100% CPU. So perhaps the metric is not updated yet, and the actual CPU is high. 

In that case, the correct action is rule 7. 

So the final answer would be to apply rule 7: kubectl throttle ingress --rate=0.7.",-1000.0,0.4492,False,
Qwen/Qwen3-8B,traffic_spike,3,{'command': 'kubectl scale deployment frontend --replicas=10'},"Okay, let's tackle this problem step by step. The user provided a complex system state with various metrics, and I need to determine the correct action based on the triage rules.

First, I'll parse the current system state. The key metrics here are cpu_loads, queue_lengths, failed_nodes, latency_ms, request_rate, mem_utilizations, io_wait, p99_latency, error_budget, and others. 

Looking at the cpu_loads array: [0.0, -1.0, 1.0, 1.0, 1.0, 1.0, 1.0, 1.0]. Node 0 has a CPU load of 0.0, but nodes 2 through 7 have a CPU load of 1.0. The failed_nodes array includes node 0. The queue_lengths for nodes 2-7 are all high, like 71, 72, etc. The latency_ms is 171.35, which is above the 50ms threshold mentioned in the task hint. The request_rate is 210.0, which is 3x normal. The error_budget is 97.0, which is relatively high. 

Now, checking the triage rules. Rule 1 is about OOM imminent. The mem_utilizations for nodes 2-7 are around 0.42-0.44, which are below 0.92, so no OOM here. Rule 2 is for split-brain due to high io_wait on node 0, but io_wait is 0.0, so that's not applicable. 

Rule 3 is for hot shard (load balancer skew). Here, nodes 2-7 have high CPU loads (1.0) while the average is likely high. But the task hint mentions a traffic spike, so maybe we need to shift traffic. However, the triage rule 3 requires that one worker's CPU is >0.90 and the cluster average is low. But in this case, the average is probably high since multiple nodes are at 1.0. So maybe not rule 3. 

Rule 4 is for retry storm or thundering herd. p99_latency is 0.0, but latency_ms is 171.35. The task hint says there's a traffic spike. However, the p99_latency isn't above 100.0, so maybe not rule 4. 

Rule 5: Zombie node with low CPU but high latency. Node 0 has CPU 0.0, but it's a failed node. The p99_latency is 0.0, so maybe not applicable. 

Rule 6: Multi-node death. The failed_nodes include node 0, but the other nodes are not failed. The task hint says the system is experiencing 3x normal traffic. Maybe the failed node is causing issues. 

Rule 7: Database survival. Node 0 is the DB, but its CPU load is 0.0. So no action here. 

Rule 8: Safe scaling. The avg worker CPU is 1.0 (since nodes 2-7 are at 1.0), and error_budget is 97.0. The rule says if avg worker CPU >0.75 and error_budget >20, scale up. Since 1.0 >0.75 and 97>20, this would trigger scaling up. However, the task hint mentions that scaling up takes 3 steps to boot. But the current step is 2. Maybe scaling up is possible here. 

Rule 9: Healthy or flapping trap. If metrics are stable or oscillating slightly. But the current state shows high CPU and queue lengths, so probably not. 

Wait, the task hint says to consider rerouting traffic from overloaded nodes, scaling up, or throttling. The failed_nodes include node 0, which is the DB. But the DB's CPU is 0.0. However, the other nodes are overloaded. The queue_lengths are high, and the latency is high. 

But according to the triage rules, rule 8 says if avg worker CPU >0.75 and error_budget >20, scale up. The avg worker CPU here is 1.0 (since nodes 2-7 are all at 1.0). Error budget is 97.0, which is >20. So rule 8 applies. So the action would be to scale up. 

But wait, the failed_nodes include node 0. But the DB is node 0, and it's not a worker. The workers are nodes 1-7. Wait, the initial cluster architecture says node 0 is the DB (SPOF), nodes 1-7 are stateless app workers. So nodes 2-7 are workers. The failed_nodes array has node 0, which is the DB. So the DB is failed? But in the prometheus metrics, node 0's cpu is 0.0, but the failed_nodes includes node 0. Maybe that's a discrepancy. 

But according to the current state, the DB (node 0) is failed. However, the DB's CPU is 0.0. That's confusing. Maybe the failed_nodes is a separate metric. But the task hint says the system is experiencing a traffic spike, so the DB might be under stress. However, the DB's CPU is 0.0. 

But the main issue here is that the workers (nodes 2-7) are all at 100% CPU, and the queue lengths are high. So the cluster is overloaded. The error budget is 97, which is acceptable for scaling. So according to rule 8, we should scale up. 

But the task hint says to consider rerouting traffic from overloaded nodes. So maybe rule 3 applies. Wait, rule 3 says if one worker's CPU >0.90 but the cluster average is low. But in this case, the cluster average is high. So rule 3 doesn't apply. 

So the correct action here is to scale up using rule 8. However, the task hint says that scaling up takes 3 steps to boot. But the current step is 2, so maybe scaling is possible. 

Therefore, the action should be to scale up the frontend deployment to 10 replicas.",-1000.0,0.3928,False,
Qwen/Qwen3-8B,traffic_spike,4,{'command': 'kubectl throttle ingress --rate=0.3'},"Okay, let's tackle this problem step by step. The user provided a complex system state with various metrics, and I need to determine the appropriate action based on the triage rules. 

First, I'll parse the current system state. The key metrics to look at are the CPU loads, memory utilizations, queue lengths, failed nodes, latency, request rate, and error budget. 

Looking at the ""failed_nodes"" array, there are several nodes marked as failed: 0, 2, 3, 4, 6. Wait, node 0 is the database, which is a single point of failure (SPOF). But the triage rules mention that if multiple nodes are in failed_nodes, we should throttle ingress. However, the task hint mentions a traffic spike, so maybe we need to handle that first.

Next, checking the CPU loads. The CPU_loads array has values like 0.0, -1.0, 0.0, etc. The -1.0 might indicate an error or missing data. The nodes with CPU loads of 1.0 are workers 5 and 7. Their queue depths are 299 and 177, which are quite high. This suggests that these nodes are overloaded, leading to increased latency. 

The latency_ms is 205.16, which is above the target of 50ms mentioned in the task hint. The p99_latency is 0.0, which might be an issue if it's supposed to be a different value. Also, the request rate is 210.0, which is 3x normal. 

Looking at the memory utilizations, none of the nodes are above 0.92, so the OOM imminent rule (rule 1) doesn't apply. The io_wait for the DB (node 0) is 0.0, so rule 2 (split-brain) isn't triggered. 

Rule 3 is about hot shards (load balancer skew). If one worker's CPU is high while others are low. Here, workers 5 and 7 have high CPU (1.0), but others are low. However, the average CPU might be low. The queue lengths for these nodes are very high, indicating they're overwhelmed. 

Rule 4 is for retry storms. p99_latency is 0.0, but latency_ms is 205ms. However, the task hint says there's a traffic spike. Maybe the high queue lengths are causing the latency. 

Rule 5: Zombie nodes. If a worker has low CPU but high latency. Some nodes have low CPU but high queue depths. For example, node 5 has CPU 1.0, but queue depth 299. Wait, maybe that's not a zombie node. 

Rule 6: Multi-node death. Since there are multiple failed nodes (0,2,3,4,6), this might trigger rule 6. But node 0 is the DB, which is critical. Throttling ingress to protect the DB. 

Rule 7: DB survival. If DB CPU is high. The DB's CPU is 0.0, so rule 7 doesn't apply. 

Rule 8: Safe scaling. If avg worker CPU > 0.75 and error budget >20. The average CPU of workers (excluding DB) might be low. Let's calculate: workers 1 (CPU -1?), 2 (0), 3 (0), 4 (0), 5 (1), 6 (0), 7 (1), 8 (0.611). The average might be around (0 + 0 + 0 + 0 + 1 + 0 + 1 + 0.611)/8 = (2.611)/8 ≈ 0.326. So below 0.75. So rule 8 doesn't apply. 

Rule 9: If metrics are stable or oscillating. But the task hint says there's a traffic spike, so it's not stable. 

So the main issues are the failed nodes (rule 6) and the overloaded nodes (workers 5 and 7) causing high latency. The task hint suggests throttling to keep latency below 50ms. However, the failed nodes include the DB (node 0), which is a SPOF. So the priority is to prevent cascading failure. 

According to rule 6: if multiple nodes are failed, throttle ingress. The failed nodes are 0,2,3,4,6. That's multiple nodes. So the action would be to throttle ingress with a lower rate. The error budget is 99, which is above 20, but throttling burns it. However, the task hint says to minimize unnecessary actions. 

Alternatively, maybe the high queue lengths on workers 5 and 7 are causing the latency. So applying rule 3 (hot shard) by shifting traffic from those nodes to others. But the nodes with low CPU are workers 2,3,4,6 (but they are failed?), wait the failed_nodes list includes 2,3,4,6. Wait, the failed_nodes array is [0,2,3,4,6]. So nodes 2,3,4,6 are failed. That means they are not operational. So workers 5 and 7 are the only ones with high CPU and queue depth. But the DB (node 0) is also failed. 

Wait, the DB is node 0, which is in failed_nodes. So the DB is down. But the task is to keep the DB alive. However, the failed_nodes might be a result of the DB being down. 

In this case, the DB is down (node 0), which is a critical issue. The task hint says the goal is to keep latency below 50ms while maintaining full uptime. But the DB is part of the cluster. 

But according to the triage rules, if multiple nodes are failed (rule 6), throttle ingress. So the action would be kubectl throttle ingress --rate=0.3. 

Alternatively, since the DB is failed (node 0), but the DB is a SPOF. Maybe we need to address that. However, the triage rules don't have a specific rule for DB failure except rule 7, which checks if DB CPU is high. But in this case, DB CPU is 0.0. 

So the main action here is rule 6: multiple nodes failed, so throttle ingress. 

Therefore, the correct action is to throttle the ingress to 0.3 rate.",-1000.0,0.3329,False,
Qwen/Qwen3-8B,traffic_spike,5,{'command': 'kubectl throttle ingress --rate=0.3'},"Okay, let's tackle this problem step by step. The user provided a complex system state with various metrics, and I need to determine the appropriate action based on the triage rules.

First, I'll parse the current system state. The key metrics to look at are the ones mentioned in the triage rules. Let's start by checking each rule in order.

Rule 1: OOM IMMINENT. Check if any node's mem_utilizations > 0.92. Looking at the mem_utilizations array: [0.251, -1.0, 0.532, 0.547, 0.544, 0.634, 0.545, 0.635, 0.349]. The values are all below 0.92 except for node 1 which has -1.0 (probably an error or missing data). So no OOM risk here.

Rule 2: SPLIT-BRAIN. Check if node_0's io_wait > 0.80. The io_wait is 0.0, so this doesn't apply.

Rule 3: HOT SHARD. Check if one worker's CPU > 0.90 while the average is low. The cpu_loads array is [0.0, -1.0, 0.0, 0.0, 0.0, 1.0, 0.0, 0.0, 1.0]. Nodes 5 and 8 have CPU at 1.0. The average CPU seems to be around 0.22 (sum is 0.0 + (-1.0) + ... but wait, the cpu_loads might be for nodes 0-8? Wait, the initial data has cpu_loads as [0.0, -1.0, 0.0, 0.0, 0.0, 1.0, 0.0, 0.0, 1.0], which is 9 elements. The failed_nodes list includes all nodes 0-7, but node 8 is part of the cpu_loads? Maybe there's a mix-up here. Also, the task hint mentions a traffic spike. Let me check the prometheus metrics. Looking at the metrics, node-5 and node-8 have high CPU (1.0). However, the queue_lengths for node-5 is 326 and node-8 is 544, which are high. The average CPU might be skewed because node 1 has -1.0 (possibly an error). But the main issue here is that nodes 5 and 8 are overloaded. However, the triage rule 3 requires that the cluster average is low. If the average is low, but some nodes are high, that's a load imbalance. However, the task hint says there's a traffic spike, so maybe the average is high. Wait, the request_rate is 90.0, which is 3x normal. The request_rate_norm is 0.018, which might be normalized. But I'm not sure. If nodes 5 and 8 are overloaded, but others are underutilized, then traffic shift might be needed. However, the triage rule 3 requires that the cluster average is low. If the average is low, then those nodes are hot. But with the traffic spike, maybe the average is high. This is a bit confusing. Maybe I should check other rules first.

Rule 4: RETRY STORM. Check if p99_latency > 100 and traffic spiking. The p99_latency is 0.0, so this doesn't apply.

Rule 5: CONNECTION DEADLOCK. Check if a worker's CPU is low but p99_latency is high. The p99_latency is 0.0, so no.

Rule 6: BLACK SWAN. Check if multiple nodes are failed. The failed_nodes list includes all nodes 0-7. That's 8 nodes. So this applies. According to rule 6, output kubectl throttle ingress --rate=0.3 to shed load and protect survivors.

But wait, the failed_nodes list is [0,1,2,3,4,5,6,7], which are 8 nodes. That's a lot. But the task hint says to maintain full uptime. However, if multiple nodes are failed, the system is in a critical state. So according to rule 6, throttle ingress to 0.3 rate.

But let me check other rules again. Rule 7: DATABASE SURVIVAL. Check if node-0 (DB) cpu_load > 0.80. The DB is node-0, and its cpu_load is 0.0, so no.

Rule 8: SAFE SCALING. Check if avg worker CPU > 0.75 and error_budget >20. The error_budget is 93.0. But the avg worker CPU: looking at the cpu_loads, nodes 5 and 8 have 1.0, others are 0.0 or -1.0. The average might be (1.0 + 1.0)/9 = ~0.22, which is below 0.75. So rule 8 doesn't apply.

Rule 9: HEALTHY / FLAPPING. Metrics are stable or oscillating? The task hint says traffic spike, so maybe not.

So the main issue here is multiple failed nodes (rule 6), so the action is to throttle ingress to 0.3.",-1000.0,0.2917,False,
Qwen/Qwen3-8B,traffic_spike,6,{'command': 'kubectl exec -it istio-proxy -- traffic shift --from=8 --to=3'},"Okay, let's tackle this problem step by step. First, I need to understand the current state of the cluster based on the provided telemetry data. The user mentioned a traffic spike, so the main goal is to keep latency below 50ms while maintaining uptime.

Looking at the system state, the key metrics to focus on are cpu_loads, queue_lengths, failed_nodes, latency_ms, request_rate, mem_utilizations, and error_budget. 

First, I notice that there are multiple failed nodes listed in ""failed_nodes"": [0, 1, 2, 3, 4, 5, 6, 7]. That's a lot of nodes failing. According to the triage tree, rule 6 (BLACK SWAN) applies when multiple nodes are in failed_nodes. The action here is to throttle ingress to 0.3 to shed load and protect survivors. However, I should check if there are other issues that might take precedence.

Next, checking the ""task_hint"" mentions a 3x normal request volume. The current request_rate is 90.0, which is already high. The latency_ms is 832.48, which is way above the 50ms target. The p99_latency is 0.0, which might be an issue with the metric not being reported correctly, but the latency_ms is the main concern here.

Looking at the failed_nodes, all nodes from 0 to 7 are failed. But wait, the cluster architecture says Node 0 is the DB (SPOF), and nodes 1-7 are app workers. However, in the failed_nodes list, node 0 is included. But the DB is a SPOF, so if it's failed, that's critical. However, the DB's io_wait is 0.0, which is normal. But the failed_nodes might be due to other issues. However, according to the triage rules, rule 6 is for multiple failed nodes, which is the case here. 

But wait, the DB node (node 0) is a SPOF. If it's failed, that's a major issue. However, the task hint says to keep the DB alive. So maybe the failed_nodes list includes node 0, but the DB's io_wait is 0.0, so maybe it's not actually failed? Or perhaps the failed_nodes list is incorrect. However, the telemetry_status shows ""timeout"" for nodes 0-2, which might indicate that those nodes are not responding. 

But according to the triage rules, rule 6 says if multiple nodes are in failed_nodes, throttle ingress. But also, rule 7 says if the DB's CPU load is over 0.8, throttle. However, the DB's cpu_load is -1.0 (probably not available), so maybe that's not applicable. 

Alternatively, looking at the queue_lengths, nodes 5 and 8 have very high queue depths (326 and 632). That's a sign of overload. The CPU loads for nodes 5 and 8 are 1.0, which is maxed out. This could be causing the high latency. 

But the main issue here is the multiple failed nodes. According to the triage tree, rule 6 should be triggered first. However, the user's task is to prevent cascading failure. If multiple nodes are failed, throttling ingress to reduce load might be necessary. But the error budget is 88.0, which is significant, so throttling might be acceptable. 

Alternatively, maybe the failed nodes are due to high CPU and queue lengths. For example, nodes 5 and 8 have CPU at 1.0 and high queue lengths. So, perhaps the triage should focus on those nodes first. 

Wait, looking at the triage rules again. Rule 3 is for hot shard (load balancer skew) where one worker's CPU is high but average is low. However, in this case, the average CPU might be high because of the failed nodes. But the failed_nodes list includes many nodes, which might mean that the cluster is in a bad state. 

Alternatively, the failed_nodes could be due to the high CPU and queue lengths. For example, nodes 5 and 8 are overloaded, leading to their failure. So, the main action would be to reroute traffic away from these nodes. 

But according to the triage tree, rule 6 is for multiple failed nodes. So, the first step is to apply rule 6. However, the task hint says to consider rerouting traffic from overloaded nodes. 

Wait, the triage tree is in order. The user must follow the order of the rules. So, first check rule 1 (OOM), then 2 (split-brain), etc. 

But in the current state, the failed_nodes are multiple, so rule 6 applies. However, the error budget is 88, which is a lot. So, throttling to 0.3 would burn some budget but protect the cluster. 

Alternatively, maybe the high queue lengths and CPU on nodes 5 and 8 are the main issues. Let's check rule 3: if one worker's CPU is high but cluster average is low. But the cluster average CPU might be high due to the failed nodes. However, the CPU loads for nodes 3-7 are 0.0, 1.0, 0.0, 0.0, 1.0. Wait, the cpu_loads array is [-1.0, -1.0, -1.0, 0.0, 0.0, 1.0, 0.0, 0.0, 1.0]. So nodes 0-2 have -1.0 (maybe not available), nodes 3-4 have 0.0, node 5 has 1.0, nodes 6-7 have 0.0, node 8 has 1.0. Wait, the nodes are numbered 0-8? The initial cluster architecture mentions nodes 0-7, but the current state has up to node 8. Maybe there's a typo. But the task hint mentions worker-0 to worker-8. 

Assuming that nodes 5 and 8 are the ones with high CPU and queue lengths. The queue_lengths for node 5 is 326 and node 8 is 632. These are very high, indicating that these nodes are overwhelmed. The CPU for these nodes is 1.0 (maxed out). 

So, according to rule 3 (hot shard), if one worker's CPU is high but the cluster average is low. But the cluster average might be skewed because of the failed nodes. However, the average CPU might not be low. 

Alternatively, rule 5: if a worker's CPU is low but p99_latency is high. However, the p99_latency is 0.0, which might not be accurate. 

Alternatively, rule 4: if p99_latency is high and traffic is spiking. The current latency_ms is 832ms, which is way over 50ms. But the p99_latency is 0.0, which might be a metric issue. 

Given the high latency and traffic spike, the main issue is the overload on nodes 5 and 8. So, rerouting traffic away from these nodes would be the action. 

But according to the triage tree, rule 6 (multiple failed nodes) comes before others. So, if multiple nodes are failed, we should throttle. However, the failed_nodes list includes nodes 0-7, which is all except maybe node 8? Wait, the failed_nodes list is [0,1,2,3,4,5,6,7], so nodes 0-7 are failed, and node 8 is not in the list. So, node 8 is not failed. 

But node 8 has CPU at 1.0 and queue depth 632. So, node 8 is overloaded. However, it's not in the failed_nodes list. So, maybe the failed_nodes list is incorrect, or the telemetry is not up to date. 

In this case, the main problem is the high latency due to overloaded nodes (5 and 8). So, according to rule 3 (hot shard), if one worker's CPU is high but the cluster average is low. However, the cluster average CPU might be high because of the failed nodes. 

Alternatively, the high queue lengths and CPU on nodes 5 and 8 indicate that they are the main cause of the latency. So, rerouting traffic from these nodes to others. 

But the triage rules must be followed in order. Let's check each rule in order:

Rule 1: Check if any mem_utilizations > 0.92. The mem_utilizations are [ -1.0, -1.0, -1.0, 0.547, 0.544, 0.634, 0.545, 0.635, 0.465]. So nodes 5 has 0.634, which is below 0.92. So rule 1 doesn't apply.

Rule 2: Check if node_0's io_wait > 0.80. Node_0's io_wait is 0.0, so rule 2 doesn't apply.

Rule 3: Check if one worker's CPU >0.90 and cluster average is low. The CPU loads are [-1.0, -1.0, -1.0, 0.0, 0.0, 1.0, 0.0, 0.0, 1.0]. So nodes 5 and 8 have CPU 1.0. The cluster average CPU would be (sum of cpu_loads)/number of nodes. However, nodes 0-2 have -1.0 (possibly not available), so maybe they are not counted. Assuming nodes 3-8 are active. The sum of CPU for nodes 3-8: 0.0 + 0.0 + 1.0 + 0.0 + 0.0 + 1.0 = 2.0. Average is 2.0 / 6 nodes = 0.33. So the average is low. So, nodes 5 and 8 have high CPU. So rule 3 applies. Therefore, the action is to reroute traffic from these nodes to others. 

But according to the triage tree, rule 3 comes before rule 6. So even though there are multiple failed nodes, rule 3 would take precedence. 

Wait, the failed_nodes list includes nodes 0-7. So, nodes 0-7 are failed. But the task hint says to maintain full uptime. However, the DB (node 0) is a SPOF. If node 0 is failed, that's a critical issue. But the io_wait for node 0 is 0.0, which is normal. The failed_nodes might be due to other issues. 

But according to the triage tree, the order is important. So, rule 3 is checked before rule 6. So, even if there are multiple failed nodes, if rule 3 applies, that's the action. 

So, the main issue here is the high CPU on nodes 5 and 8, leading to high latency. So, rerouting traffic from these nodes. 

But the triage rule 3 says to reroute traffic from the high CPU node to a low CPU node. So, nodes 5 and 8 are high CPU. The low CPU nodes are 3,4,6,7. 

So, the action would be to reroute traffic from node 5 and 8 to others. However, the command for traffic shift is to specify from and to nodes. For example, if node 5 is overloaded, shift from node 5 to node 3. Similarly for node 8 to node 3 or 4. 

But the triage rule 3 says if one worker's CPU is high, so maybe only one node is the problem. However, in this case, two nodes (5 and 8) are high. But the rule might apply to each individually. 

But according to the triage tree, the action is to reroute traffic from the high CPU node to a low CPU node. So, the user should issue the command for each high CPU node. 

But the available commands can only be executed once per action. So, perhaps the first step is to reroute from node 5 to node 3, and then from node 8 to node 3. But the system might only allow one command per action. 

Alternatively, the user can issue a single command to reroute traffic from one of the high nodes. 

Looking at the current state, node 5 has a queue depth of 326, and node 8 has 632. Node 8 is more overloaded. So, maybe reroute from node 8 to node 3 or 4. 

But the triage rule 3 says ""one worker's CPU > 0.90 but the cluster average is low"". So, the action is to reroute from that node. 

So, the correct action would be to reroute traffic from node 5 or 8. 

But the triage tree's rule 6 is about multiple failed nodes. However, since rule 3 is checked first, and it applies, that's the action. 

Therefore, the correct action is to reroute traffic from node 5 to a healthy node (like node 3) and node 8 to another healthy node. However, the user can only issue one command. 

But the task hint says to consider rerouting traffic from overloaded nodes. So, the best action here is to reroute traffic from node 8 (which has the highest queue depth) to another node. 

But the triage rule 3 says to reroute from the high CPU node. So, the command would be kubectl exec -it istio-proxy -- traffic shift --from=8 --to=3 (assuming node 3 is healthy). 

Alternatively, the system might have nodes 3,4,6,7 with low CPU. 

So, the final action is to reroute traffic from the overloaded nodes to healthy ones. Therefore, the correct command is to reroute from node 5 or 8. 

But the triage tree's rule 3 is triggered, so the action is to reroute. 

However, the user's task is to prevent cascading failure, which might require throttling. But according to the triage rules, rule 3 takes precedence. 

Therefore, the correct action is to reroute traffic from the high CPU nodes (5 and 8) to others. 

But since the user can only issue one command, perhaps reroute from node 8 to node 3. 

But the exact node IDs need to be specified. The nodes are numbered from 0-8. 

So, the final answer is to reroute traffic from node 8 to node 3. 

But let me double-check the triage rules. Rule 3 says if one worker's CPU is high but the cluster average is low. In this case, nodes 5 and 8 are high, and the average is low. So, rerouting from these nodes. 

Therefore, the action is to reroute traffic from node 5 to a low CPU node (like node 3), and node 8 to node 3. However, the user can only issue one command. 

Alternatively, the system might have multiple high nodes, so the user can issue multiple commands. But the problem states to respond with a single kubectl command. 

So, the best action is to reroute from node 8 (highest queue depth) to node 3. 

But the command would be kubectl exec -it istio-proxy -- traffic shift --from=8 --to=3. 

But need to confirm the node IDs. The nodes are numbered 0-8. 

Therefore, the correct action is to reroute traffic from node 8 to node 3. 

But wait, the triage rule 6 (multiple failed nodes) is also applicable. But since rule 3 is checked first, and it applies, that's the action. 

Thus, the final answer is to reroute traffic from node 8 to node 3.",-1000.0,0.2542,False,
Qwen/Qwen3-8B,traffic_spike,7,{'command': 'kubectl throttle ingress --rate=0.3'},"Okay, let's tackle this problem step by step. The user provided a complex system state with various metrics, and I need to determine the appropriate kubectl command to prevent cascading failure. 

First, I'll parse the current system state. The key metrics here are the cpu_loads, queue_lengths, failed_nodes, latency_ms, request_rate, mem_utilizations, io_wait, p99_latency, error_budget, and others. 

Looking at the failed_nodes array, it includes nodes 0 through 8. That's a lot of failed nodes. According to the triage tree, rule 6 (BLACK SWAN) applies if multiple nodes are in failed_nodes. The command here would be to throttle ingress to 0.3. But wait, the task hint mentions a traffic spike, so maybe there's another issue. 

However, the failed_nodes list includes the database node (node 0) and others. The triage rule 6 says if multiple nodes are failed, throttle ingress. But the task hint also says to consider rerouting traffic from overloaded nodes or scaling up. 

Looking at the cpu_loads, node 5 has a cpu_load of 1.0, which is 100% utilization. The queue_length for node 5 is 326, which is very high. This might indicate a hot shard. Rule 3 (HOT SHARD) checks if one worker's CPU is high while the average is low. The average CPU seems low because most nodes are at 0.0 except node 5. So, maybe we should shift traffic from node 5 to another node. 

But the failed_nodes include node 5, so it's already marked as failed. Wait, the failed_nodes list includes nodes 0-8, which suggests all nodes are failed. But some metrics for workers 3-7 are ok. Maybe some nodes are not failed? Wait, the failed_nodes array has all nodes from 0 to 8, but the telemetry_status shows some nodes as ""timeout"" and others as ""ok"". This might be conflicting. 

Wait, the telemetry_status for nodes 0,1,2,8 are ""timeout"", others are ""ok"". But the failed_nodes list includes all nodes. Maybe the failed_nodes are a result of the timeout status? 

But according to the triage rules, if multiple nodes are in failed_nodes (rule 6), throttle ingress. But the task hint says to handle traffic spike. However, the main issue here might be the high queue length on node 5. 

Wait, the p99_latency is 0.0, but the latency_ms is 1049.84, which is over 1000ms. That's a problem. The task hint mentions a 3x normal request volume, so the system is under stress. 

Looking at the rules again. Rule 4 (RETRY STORM) checks if p99_latency > 100 and traffic is spiking. Here, p99_latency is 0.0, but latency_ms is 1049.84, which is way over 100. However, the p99_latency metric might be a typo or not properly reported. If the actual latency is high, maybe that's the issue. 

Alternatively, the high queue length on node 5 (326) could be causing the latency. Since node 5's CPU is at 1.0, it's overloaded. The rule 3 would suggest shifting traffic from node 5 to another node. However, node 5 is in failed_nodes, so maybe it's not available. 

But the failed_nodes list includes node 5, so maybe it's down. But the telemetry for node 5 shows some metrics. This is confusing. 

Alternatively, the main issue is the high number of failed nodes. According to rule 6, throttle ingress to 0.3. But the task hint says to maintain full uptime. Throttling would reduce traffic but burn error budget. 

Wait, the error_budget is 90.0, which is high, so maybe throttling is acceptable. However, the task hint says to keep latency below 50ms. The current latency is 1049ms, which is way over. 

Another angle: the database node (node 0) is in failed_nodes. But the io_wait is 0.0, so maybe the DB isn't the issue. 

The main problem seems to be the high latency and queue length on node 5. But since node 5 is in failed_nodes, maybe it's not a good idea to shift traffic. 

Alternatively, the failed_nodes might be a result of the high load. If node 5 is overloaded, maybe it's marked as failed. But the triage rules don't mention failed_nodes as a direct trigger except for rule 6. 

Given that multiple nodes are failed (rule 6), the action is to throttle ingress to 0.3. But the task hint suggests scaling up. However, the triage rule 8 says if avg worker CPU > 0.75 and error_budget > 20, scale up. The average CPU here is low (since most are 0.0 except node 5 at 1.0). So avg CPU is not high. 

So, the main action here is rule 6: throttle ingress to 0.3. That would reduce the load on the system, protecting the surviving nodes. Even though it burns error budget, it's necessary to prevent cascading failure.",-1000.0,0.2236,False,
Qwen/Qwen3-8B,traffic_spike,8,{'command': 'kubectl exec -it istio-proxy -- traffic shift --from=node-5 --to=node-3'},"Okay, let's tackle this problem step by step. First, I need to understand the current state of the system based on the provided telemetry data. The user mentioned a traffic spike, so the main goal is to keep latency below 50ms while maintaining uptime.

Looking at the metrics, the key points to note are:

1. **Failed Nodes**: The ""failed_nodes"" array includes nodes 0 through 8. That's a lot of nodes failing, which could be a black swan event. But wait, the task hint says to consider rerouting traffic, scaling up, or throttling. 

2. **CPU Loads**: The cpu_loads array has some nodes with -1.0 (probably unavailable), but node 5 has a CPU load of 1.0, which is 100% utilization. Node 5 also has a queue length of 326, which is very high. This indicates that node 5 is overloaded.

3. **Memory Utilization**: The mem_utilizations for nodes 3, 4, 5, and 6 are 0.547, 0.544, 0.634, and 0.545 respectively. None of these are above 0.92, so the OOM imminent rule (rule 1) doesn't apply here.

4. **Latency and Request Rate**: The cluster latency is 500ms, which is way above the 50ms target. The p99_latency is 0.0, which might be an error or missing data. The request rate is 90, which is 3x normal (request_rate_norm is 0.018, so 90 is 3x 30? Maybe the normal is 30, so 90 is 3x). 

5. **Task Hint**: The system is experiencing 3x normal request volume. Need to keep latency under 50ms. The task suggests considering rerouting traffic from overloaded nodes, scaling up, or throttling.

6. **Error Budget**: The error budget is 85.0, which is relatively high, so throttling might be feasible without burning through the budget too quickly.

Now, applying the triage rules:

- **Rule 1 (OOM Imminent)**: No nodes have mem_utilizations over 0.92. So not applicable.
  
- **Rule 2 (Split-Brain)**: The DB node (node 0) has io_wait of 0.0, so no issue here.
  
- **Rule 3 (Hot Shard)**: Node 5 has CPU load 1.0, which is way above the average (since other nodes are at 0.0 or -1). The average CPU load isn't directly given, but since node 5 is at 100% and others are low, this could be a hot shard. However, the queue length is 326, which is a sign of backlog. So rerouting traffic from node 5 to other nodes might help.
  
- **Rule 4 (Retry Storm)**: p99_latency is 0.0, which might be an error. The latency_ms is 500ms, which is high. But the task hint mentions a traffic spike, so maybe this is a thundering herd scenario. However, the p99_latency is 0.0, which might not indicate a retry storm. Maybe the latency is due to the overloaded node.
  
- **Rule 5 (Zombie Node)**: Not applicable since the CPU is high on node 5, not low.
  
- **Rule 6 (Black Swan)**: Multiple nodes are failed (nodes 0-8). The failed_nodes array includes all nodes. However, the task hint says to consider scaling up, but the DB is a stateful node (node 0). Scaling up workers (nodes 1-7) might not help if the DB is failing. Wait, the failed_nodes include node 0 (the DB) and others. But the DB is a SPOF. If the DB is down, the entire system is down. However, the task hint says to maintain full uptime. So maybe the DB is still up? Wait, the failed_nodes list includes node 0, but the DB is node 0. So if node 0 is failed, that's a problem. But the task hint says to maintain full uptime. However, the DB is a SPOF. Maybe the failed_nodes list is indicating that the DB is down. But the task is to prevent cascading failure. If the DB is down, the system can't function, but the task is to keep it up. This is confusing. Wait, the initial cluster architecture says node 0 is the stateful DB (SPOF), nodes 1-7 are stateless. The failed_nodes list includes node 0 (DB) and others. So the DB is failed, which is a critical issue. But the task is to prevent cascading failure. However, the DB is a SPOF. So if the DB is failed, the entire system is down. But the task says to maintain full uptime. Maybe the failed_nodes list is not accurate, or perhaps the DB is still up. Wait, looking at the prometheus metrics, there's a node_scrape_error for worker-0 (the DB), which has a value of 1. That indicates that the DB node is not scraping metrics, possibly because it's down. So the DB is failed. But how can we maintain uptime if the DB is down? The task hint says to keep latency below 50ms while maintaining full uptime. So maybe the DB is still up, but the failed_nodes list is incorrect? Or maybe the DB is not in the failed_nodes list. Wait, the failed_nodes array is [0,1,2,3,4,5,6,7,8]. So node 0 is failed. That's the DB. So the DB is down, which is a critical issue. But the task is to prevent cascading failure. How can we do that? Maybe the DB is still up, but the metrics are not being scraped. Or maybe the failed_nodes list is not accurate. This is a bit ambiguous. 

But given the data, the DB is in failed_nodes. So the system is down. However, the task is to maintain full uptime. So maybe the DB is still up, and the failed_nodes list is a red herring. Or perhaps the DB is down, and we need to find a way to keep the system running. This is confusing. 

Alternatively, maybe the failed_nodes list includes nodes that are not responding, but the DB is still up. For example, the DB might be down, but the other nodes are failed. However, the task is to prevent cascading failure. 

Alternatively, maybe the failed_nodes list is not accurate, and the DB is still up. Let's check the prometheus metrics. There's a node_scrape_error for worker-0 (the DB) with value 1. That suggests that the DB node is not scraping metrics, which could mean it's down. But the DB is a critical component. If it's down, the entire system is down, but the task is to maintain uptime. 

This seems like a contradiction. However, the task hint says to consider rerouting traffic from overloaded nodes, scaling up, or throttling. So maybe the DB is still up, and the failed_nodes list is not accurate. 

Alternatively, perhaps the failed_nodes list refers to nodes that are not responding to health checks, but the DB is still up. 

In this case, the main issue is the high latency (500ms) and the overloaded node 5. The task is to reduce latency. 

So, given the high latency and the overloaded node 5, the best action is to reroute traffic from node 5 to other nodes. But node 5 has a queue length of 326, which is very high. 

Looking at the triage rules, rule 3 (hot shard) applies if a worker's CPU is high but the cluster average is low. Node 5 has CPU load 1.0, which is high, while other nodes have low CPU. So this fits rule 3. Therefore, the action should be to reroute traffic from node 5 to another node. 

But the failed_nodes list includes node 5. Wait, the failed_nodes array includes nodes 0-8. So node 5 is failed. But the prometheus metrics show that node 5 has a CPU load of 1.0 and queue depth of 326. This suggests that node 5 is overloaded but not failed. Maybe the failed_nodes list is not accurate, or the DB is the only failed node. 

This is conflicting. However, the task hint says to consider rerouting traffic from overloaded nodes. So even if node 5 is failed, but it's showing high CPU and queue, maybe it's still processing traffic. 

Alternatively, maybe the failed_nodes list is a list of nodes that are in failed state, but the metrics are still being collected. 

In any case, the main issue is the high latency and the overloaded node 5. So applying rule 3, reroute traffic from node 5 to another node. 

But the task hint mentions a traffic spike, so scaling up might be an option. However, the DB is a SPOF, so scaling up workers (nodes 1-7) could help. But the DB is node 0. 

If the DB is not failed (even though it's in the failed_nodes list), then scaling up might be possible. 

But according to the triage rules, rule 8 (safe scaling) applies if avg worker CPU > 0.75 and error budget > 20. The average worker CPU is not directly given, but nodes 3,4,5,6 have CPU loads of 0.0, 0.0, 1.0, 0.0. The average is (0+0+1+0)/4 = 0.25. So not above 0.75. So rule 8 doesn't apply. 

Therefore, the best action is to apply rule 3 and reroute traffic from node 5 to another node. 

But the failed_nodes list includes node 5. If node 5 is failed, then rerouting traffic from it might not be possible. However, the prometheus metrics show that node 5 has CPU load 1.0 and queue depth 326, which suggests it's processing traffic. So perhaps the failed_nodes list is not accurate, or the node is still up but failing. 

In that case, rerouting traffic from node 5 would help reduce the load and lower latency. 

So the action would be to use kubectl exec -it istio-proxy -- traffic shift --from=node-5 --to=another node. But which node? The other nodes (3,4,6) have low CPU. For example, node 3 has CPU 0.0, so shifting traffic to node 3. 

But the exact command would be to specify the from and to nodes. 

Looking at the task hint, the user might expect to use the traffic shift command. 

So the correct action is to reroute traffic from node 5 to another node with lower load. 

Therefore, the command would be: 

kubectl exec -it istio-proxy -- traffic shift --from=node-5 --to=node-3 

But need to check if node 3 is available. 

In the prometheus metrics, node 3 has node_scrape_error 1? Wait, looking back, the prometheus_metrics include:

- node_scrape_error for worker-0 (DB) is 1
- worker-1: 1
- worker-2: 1
- worker-3: no error (since the metric for node_scrape_error for worker-3 is not listed. Wait, the prometheus_metrics include:

Looking at the prometheus_metrics list:

The metrics for worker-3 include node_scrape_error? Let me check again:

The prometheus_metrics list includes:

- {""metric"": ""node_scrape_error"", ""labels"": {""node"": ""worker-0"", ""role"": ""database""}, ""value"": 1, ""timestamp"": 210}
- {""metric"": ""node_scrape_error"", ""labels"": {""node"": ""worker-1"", ""role"": ""app_server""}, ""value"": 1, ""timestamp"": 210}
- {""metric"": ""node_scrape_error"", ""labels"": {""node"": ""worker-2"", ""role"": ""app_server""}, ""value"": 1, ""timestamp"": 210}
- {""metric"": ""node_cpu_utilization"", ""labels"": {""node"": ""worker-3"", ""role"": ""app_server""}, ""value"": 0.0, ""timestamp"": 210}
- ... etc.

So worker-3 does not have a node_scrape_error metric. So it's not in the failed_nodes list. Wait, the failed_nodes list includes nodes 0-8. But the node_scrape_error is only for workers 0-2 and 7-8. So worker-3,4,5,6 are not in the failed_nodes list? Or is the failed_nodes list a separate metric? 

The failed_nodes array is part of the system state, not the prometheus metrics. So the failed_nodes list includes nodes 0-8. So all nodes are failed. But that's conflicting with the prometheus metrics, which show some nodes are up. 

This is confusing. However, the task is to act based on the telemetry provided. 

Given that, the main issue is the high latency and the overloaded node 5. So applying rule 3, reroute traffic from node 5 to another node. 

The correct command would be to reroute traffic from node 5 to another node. Assuming that node 3 is available (since it's not in the failed_nodes list? Wait, the failed_nodes list includes all nodes 0-8. So node 3 is in failed_nodes. But in the prometheus metrics, node 3 has node_cpu_utilization 0.0. So perhaps the failed_nodes list is not accurate. 

This is a contradiction, but given the data, the main action is to handle the overloaded node 5. 

Therefore, the correct action is to reroute traffic from node 5 to another node, say node 3. 

So the command would be: 

kubectl exec -it istio-proxy -- traffic shift --from=node-5 --to=node-3 

But I need to check if the node IDs are correct. The nodes are labeled as worker-0 to worker-8. The task is to reroute traffic from the overloaded node (node 5) to another node. 

But the available command is to use node IDs. The initial problem mentions nodes 0-8, but the commands use node-<ID>. So the command would be node-5 and node-3. 

So the action is to reroute traffic from node-5 to node-3. 

Alternatively, maybe the node IDs are different. For example, the nodes are node-0 to node-8. 

Thus, the correct action is to use the traffic shift command.",-1000.0,0.2106,False,
Qwen/Qwen3-8B,traffic_spike,9,{'command': 'kubectl exec -it istio-proxy -- traffic shift --from=node-5 --to=node-3'},"Okay, let's tackle this problem step by step. First, I need to understand the current state of the cluster based on the provided telemetry. The user mentioned a traffic spike, so the main goal is to keep latency below 50ms while maintaining full uptime.

Looking at the metrics, the 'failed_nodes' array includes all nodes from 0 to 8. That's a lot of failed nodes, which might indicate a widespread issue. However, the 'task_hint' says there's a 3x normal request volume, so we need to handle that spike.

Next, checking the 'cpu_loads' array: most entries are -1.0 (probably indicating no data or errors), but node 5 has a CPU load of 1.0, which is 100% utilization. The 'queue_lengths' show node 5 has a queue length of 326, which is way higher than others. This suggests node 5 is overloaded, causing the latency to spike to 500ms. 

The 'mem_utilizations' for node 5 is 0.6343, which is under the 0.92 threshold for OOM, so no immediate memory issue there. The 'io_wait' for the DB (node 0) is 0.0, so no disk bottleneck. The 'p99_latency' is 0.0, but the actual latency is 500ms, which might be due to the queue length and CPU overload on node 5.

Since there are multiple failed nodes, rule 6 (BLACK SWAN) applies. The action here is to throttle ingress to 0.3, which would shed load and protect the surviving nodes while recovery happens. However, the task hint mentions maintaining full uptime, so throttling might not be ideal. But given the high queue length and CPU on node 5, and the failed nodes, throttling is necessary to prevent cascading failure.

Alternatively, maybe we should reroute traffic from node 5 to other nodes. But the 'telemetry_status' shows some nodes are in timeout, so maybe they're not healthy. The 'action_errors' mention an invalid command, so we need to use valid commands. The valid commands include traffic shift, but the previous attempt had a syntax error. Wait, the user's previous action had an error, so we need to make sure the command is correct. The correct syntax for traffic shift is 'kubectl exec -it istio-proxy -- traffic shift --from=<ID> --to=<ID>'. 

But in the current state, node 5 is the overloaded one. However, the 'failed_nodes' include node 5, so maybe it's not available. Wait, the 'failed_nodes' list includes nodes 0-8, but the 'telemetry_status' for node 3,4,5,6 are 'ok', others are timeout. So nodes 3,4,5,6 are reporting ok. But node 5 has a high queue length. So maybe we can shift traffic from node 5 to another node, like node 3 or 4. However, the 'task_hint' says to consider rerouting traffic from overloaded nodes. 

But rule 6 (BLACK SWAN) says if multiple nodes are failed, throttle. But here, nodes 0-8 are failed, but some are ok. Maybe the failed_nodes list is not accurate. The 'telemetry_status' shows some nodes as ok. So maybe the failed_nodes are not all down. This is a bit confusing. 

Given the high queue length on node 5 and CPU at 1.0, and the latency is 500ms, which is way over the 50ms target. The main issue is the overloaded node 5. So applying rule 3 (HOT SHARD) if one node's CPU is high and others are low. But the average CPU might be low because other nodes are not reporting. Wait, the 'cpu_loads' array has -1.0 for most nodes except 5 (1.0) and others. So the average might be skewed. 

Alternatively, since node 5 is overloaded, using traffic shift to move traffic from node 5 to another node. But the 'telemetry_status' for node 3,4,6 are ok. So maybe shift from node 5 to node 3 or 4. However, the 'task_hint' says to minimize unnecessary actions. But the current latency is too high. 

But the 'action_errors' had an invalid command, so the correct command would be 'kubectl exec -it istio-proxy -- traffic shift --from=node-5 --to=node-3' (assuming node 3 is healthy). However, the user's previous attempt had a syntax error, but the correct command should be valid. 

Alternatively, since there are multiple failed nodes, rule 6 applies, so throttle ingress to 0.3. But the task hint says to maintain full uptime, so throttling might not be the best. However, given the high latency and queue length, throttling might be necessary to prevent further issues. 

But the 'error_budget' is 87.0, which is a significant amount, so throttling would burn into it. But the main priority is to prevent cascading failure. 

So, the best action here is to throttle ingress to 0.3 to reduce load and protect the cluster. However, the user might need to scale up, but scaling takes 3 steps. But the 'avg worker CPU' is not clear because some nodes are not reporting. 

Alternatively, since node 5 is overloaded, shifting traffic from node 5 to another node. Let's check the 'telemetry_status' for nodes 3,4,6. They are 'ok', so they can take traffic. So shifting from node 5 to node 3 or 4. 

But the 'task_hint' says to consider scaling up if possible. The 'error_budget' is 87, which is more than 20, so rule 8 (SAFE SCALING) applies if avg worker CPU is >0.75. However, the 'cpu_loads' for nodes 3,4,6 are 0.0, so avg might be low. 

Given the confusion, the most critical issue is the high queue length and CPU on node 5, leading to high latency. So applying rule 3 (HOT SHARD) to shift traffic from node 5 to another node. 

But the correct command would be 'kubectl exec -it istio-proxy -- traffic shift --from=node-5 --to=node-3' (assuming node 3 is healthy). 

But the previous action had an error, but the user's system might accept that command now. 

Alternatively, since there are multiple failed nodes, rule 6 applies, so throttle. 

But the task is to prevent cascading failure. The main issue is the overloaded node 5. So shifting traffic from node 5 to another node is better. 

Therefore, the action is to reroute traffic from node 5 to node 3 or 4. Let's pick node 3 as the target. So the command would be 'kubectl exec -it istio-proxy -- traffic shift --from=node-5 --to=node-3'. 

But the user's previous attempt had a syntax error, but maybe the system now accepts it. 

Alternatively, the correct command is to throttle ingress to 0.3. 

But given the high latency and queue, shifting traffic is more targeted. So the answer should be the traffic shift command.",-1000.0,0.2006,False,
Qwen/Qwen3-8B,traffic_spike,10,{'command': 'kubectl throttle ingress --rate=0.3'},"Okay, let's tackle this problem step by step. The user provided a current system state with various metrics, and I need to determine the correct kubectl command to prevent cascading failure. 

First, I'll parse the data. The key metrics here are the failed_nodes list, which includes nodes 0 through 8. That's a lot of failed nodes. Also, the request_rate is 90.0, which is 3x normal according to the task hint. The latency_ms is 500ms, which is way above the target of 50ms. The error_budget is 89.0, which is pretty high, but we need to be careful with throttling.

Looking at the triage rules, rule 6 is about BLACK SWAN (Multi-Node Death) if multiple nodes are failed. Since failed_nodes includes almost all nodes, that's a critical issue. The action for rule 6 is to throttle ingress to 0.3, which would shed load and protect the surviving nodes while recovery happens. 

But wait, the task hint mentions a traffic spike and the need to keep latency below 50ms. Throttling might help here. However, the error_budget is still 89, so throttling is possible. Also, the latency is 500ms, which is way over, so reducing load could help. 

Another thing to check: the DB node (node 0) is in failed_nodes. But the DB is a SPOF, so we need to protect it. However, the DB's io_wait is 0.0, so maybe not the issue here. The main problem seems to be the failed nodes causing high latency. 

Since multiple nodes are failed, rule 6 applies. So the action is to throttle ingress to 0.3. That should reduce the load on the remaining nodes, preventing further failures and allowing the system to stabilize. 

I should also check other rules. For example, rule 7 checks if the DB's CPU is high, but since node 0 is failed, maybe that's not applicable. The other rules about memory or CPU might not be triggered here because the main issue is the failed nodes. 

So the correct action here is to apply rule 6 and throttle the ingress.",-1000.0,0.1792,False,
Qwen/Qwen3-8B,traffic_spike,11,{'command': 'kubectl exec -it istio-proxy -- traffic shift --from=5 --to=3'},"Okay, let's tackle this problem step by step. The user provided a complex system state with various metrics, and I need to determine the correct kubectl command to prevent cascading failure. 

First, I'll parse the current system state. The key metrics here are cpu_loads, queue_lengths, failed_nodes, latency_ms, request_rate, mem_utilizations, io_wait, p99_latency, error_budget, and others. The task hint mentions a traffic spike, so that's a critical point.

Looking at the failed_nodes array, it includes nodes 0 through 8. Wait, node 0 is the database (SPOF), and nodes 1-7 are app workers. But the failed_nodes list includes all nodes, which is a problem. However, the task hint says to keep latency below 50ms and maintain full uptime. 

Next, checking the cpu_loads: some nodes have -1.0 (probably not reporting), but node 5 has a cpu_load of 1.0, which is 100% utilization. The queue_lengths for node 5 is 326, which is very high. This suggests that node 5 is overloaded, causing a bottleneck. 

The mem_utilizations for nodes 3,4,5,6 are 0.547, 0.544, 0.634, 0.545. None of these exceed 0.92, so OOM isn't imminent. The io_wait is 0.0, so no disk I/O issues. The latency_ms is 500ms, which is way above the 50ms target. The p99_latency is 0.0, but that might be due to missing data. 

The task hint mentions a 3x normal request volume. The request_rate is 90.0, but request_rate_norm is 0.018, which might indicate that the actual rate is higher than normal. The error_budget is 84.0, which is a significant portion, so throttling might be an option. 

Now, applying the triage rules. Rule 1: Check if any mem_utilization >0.92. None are, so not applicable. Rule 2: Check if DB's io_wait >0.8. It's 0.0, so no. Rule 3: Check for hot shard. Node 5 has high CPU (1.0) and queue length (326), while others are low. So this is a hot shard. Rule 3 suggests shifting traffic from node 5 to a low CPU node. 

Rule 4: p99_latency >100 and traffic spiking. p99_latency is 0.0, so not applicable. Rule 5: Zombie node with low CPU and high latency. Not applicable here. Rule 6: Multiple failed nodes. All nodes are failed, but the DB is node 0. However, the failed_nodes list includes node 0, which is the DB. But the task is to prevent cascading failure. Rule 6 says if multiple nodes are failed, throttle ingress. But the DB is part of failed_nodes, so maybe that's a problem. 

Wait, the failed_nodes list includes node 0 (DB) and others. But the DB is a SPOF. If the DB is failed, that's critical. However, the io_wait for the DB is 0.0, so maybe it's not a disk issue. But the DB is in failed_nodes. However, the task is to keep the DB alive. 

But the main issue seems to be node 5 being overloaded. The queue length is 326, which is a bottleneck. So applying rule 3: traffic shift from node 5 to a healthy node. The healthy nodes are 3,4,6 (since their cpu_loads are 0.0, and queue lengths are 0). So the command would be to shift traffic from node 5 to, say, node 3. 

But the task hint says to consider rerouting traffic from overloaded nodes. So the correct action is to use kubectl exec to shift traffic from node 5 to another node. 

Alternatively, rule 6 says if multiple nodes are failed, throttle. But the failed_nodes list includes all nodes, which might be a red herring. The DB is in failed_nodes, but maybe the DB is still operational. The telemetry_status for node 0 is ""timeout"", which might indicate that the DB is not responding. However, the DB is a SPOF, so if it's failed, that's critical. But the task is to prevent cascading failure, so maybe throttling is needed. 

But the main issue here is the overloaded node 5. The latency is 500ms, which is way over the target. So shifting traffic from node 5 would alleviate the load, reducing latency. 

Therefore, the correct action is rule 3: traffic shift from node 5 to a low CPU node like node 3 or 4. The command would be kubectl exec -it istio-proxy -- traffic shift --from=5 --to=3. 

Wait, the nodes are numbered 0-8, but the workers are 1-7. Wait, the initial description says node 0 is the DB, nodes 1-7 are app workers. The failed_nodes list includes 0-8. But maybe node 8 is another worker? The prometheus metrics mention node 3-6 as app servers, and node 0 as the DB. So node 5 is an app worker. 

So the correct action is to shift traffic from node 5 to another node. Let me check the available commands. The command is kubectl exec -it istio-proxy -- traffic shift --from=<ID> --to=<ID>. So the from is 5, to could be 3,4,6. 

Therefore, the action should be to shift traffic from node 5 to node 3. 

But the task hint says to minimize unnecessary actions. However, the current state has a traffic spike and high latency, so this is necessary. 

So the final answer is to apply rule 3 and shift traffic from node 5 to node 3.",-1000.0,0.1592,False,
Qwen/Qwen3-8B,traffic_spike,12,{'command': 'kubectl exec -it istio-proxy -- traffic shift --from=5 --to=3'},"Okay, let's tackle this problem step by step. The user provided a complex system state and wants me to determine the correct kubectl command to prevent cascading failure. 

First, I need to parse the current system state. The key metrics here are cpu_loads, queue_lengths, failed_nodes, latency_ms, request_rate, mem_utilizations, io_wait, p99_latency, error_budget, and others. The task hint mentions a traffic spike, so the system is under higher load than normal.

Looking at the failed_nodes array, it includes nodes 0 through 8. Wait, node 0 is the database (SPOF), and nodes 1-7 are app workers. But the failed_nodes list includes all nodes, which is a problem. However, the task hint says the goal is to keep latency below 50ms while maintaining full uptime. 

The latency_ms is 500ms, which is way above the target. The request_rate is 90, which is 3x normal. The mem_utilizations for nodes 3,4,5,6 are 0.547, 0.544, 0.634, 0.545. None of these are over 0.92, so OOM isn't imminent. The io_wait is 0.0, so no disk bottleneck. 

Looking at the cpu_loads: node 5 has a cpu_load of 1.0, which is 100% utilization. The queue_length for node 5 is 326, which is very high. The other nodes have low cpu loads. This seems like a hot shard issue where one node is overloaded while others are underutilized. 

According to the triage tree, rule 3 (HOT SHARD) applies if one worker's CPU is >0.90 and the cluster average is low. The average cpu_load is (sum of cpu_loads)/number of nodes. Let's calculate that. The cpu_loads array is [-1.0, -1.0, -1.0, 0.0, 0.0, 1.0, 0.0, -1.0, -1.0]. But wait, the failed_nodes include all nodes, but maybe the -1.0 indicates that the node is failed or not reporting. However, the task hint says to consider rerouting traffic from overloaded nodes. 

Assuming that the nodes with -1.0 are not part of the active workers, maybe nodes 3,4,5,6 are the active ones. Let me check the prometheus metrics. The metrics for node-3,4,5,6 have values. Node-5 has cpu_utilization 1.0, which is 100%, and queue depth 326. The other nodes have lower cpu and queue depths. So node 5 is the overloaded one. The cluster average CPU might be low because other nodes are underutilized. 

So applying rule 3: reroute traffic from node 5 to another healthy node. The command would be kubectl exec -it istio-proxy -- traffic shift --from=5 --to=3 or another node with low CPU. But looking at the cpu_loads, node 3 and 4 have 0.0, which are healthy. So shifting traffic from node 5 to node 3 or 4. 

Alternatively, check if there are other rules that apply. Rule 6 (BLACK SWAN) is for multiple failed nodes, but the failed_nodes include all nodes, but maybe some are just not reporting. The task hint says to consider scaling up, but the error_budget is 86.0, which is high enough. However, scaling up takes 3 steps. But the current issue is the overloaded node. 

Alternatively, rule 8 (SAFE SCALING) checks if avg worker CPU >0.75 and error_budget >20. The average worker CPU is low, so that's not applicable. 

Rule 7 (DATABASE SURVIVAL) is if DB CPU >0.8, but the DB is node 0, which has cpu_load -1.0 (possibly failed), so not applicable. 

Rule 4 (RETRY STORM) is if p99_latency >100 and traffic spiking. p99_latency is 0.0, so not applicable. 

Rule 5 (CONNECTION DEADLOCK) is if a node has low CPU but high latency. Not the case here. 

So the main issue is the overloaded node 5. Therefore, applying rule 3, reroute traffic from node 5 to another node. The command would be kubectl exec -it istio-proxy -- traffic shift --from=5 --to=3 (assuming node 3 is healthy). 

Wait, the task hint says to minimize unnecessary actions. But the current latency is 500ms, which is way over the 50ms target. So rerouting traffic is necessary. 

So the correct action is to shift traffic from node 5 to another node with lower load, like node 3 or 4. The command would be as mentioned.",-1000.0,0.1404,False,
Qwen/Qwen3-8B,traffic_spike,13,{'command': 'kubectl throttle ingress --rate=0.3'},"Okay, let's tackle this problem step by step. The user provided a complex system state with various metrics, and I need to determine the correct kubectl command to prevent cascading failure. 

First, I'll parse the current system state. The key metrics here are the failed_nodes, which include all nodes from 0 to 7. That's a lot of failed nodes. Also, the request_rate is 90.0, which is 3x normal, as mentioned in the task hint. The latency_ms is 500ms, which is way above the desired 50ms. The error_budget is 88.0, which isn't too low yet.

Looking at the triage rules, rule 6 is about Black Swan (Multi-Node Death) when multiple nodes are in failed_nodes. Since all nodes are failed, this rule applies. The action here is to throttle ingress to 0.3, which would shed load and protect the surviving nodes while recovery happens. 

But wait, the failed_nodes list includes node 0, which is the DB. However, the DB is a stateful node, and the other nodes are app workers. The task hint mentions keeping latency below 50ms and maintaining uptime. Throttling might help reduce load on the DB, but the main issue here is the multi-node failure. 

Another thing to check: the task hint says to consider rerouting traffic from overloaded nodes, scaling up, or throttling. But with all nodes failed, scaling up might not be feasible immediately. Also, the error_budget is 88, which is a significant portion, so throttling might be necessary to prevent further issues. 

Rule 7 mentions DB survival if CPU load is high, but the DB's io_wait is 0.0, so that's not the case here. Rule 8 talks about safe scaling if average CPU is high and error budget is sufficient. However, the average CPU here might not be high enough since many nodes are failed. 

The main issue here is the multi-node failure, so rule 6 applies. Therefore, the correct action is to throttle ingress to 0.3. This will reduce the load on the system, protecting the remaining nodes and the DB while allowing for recovery.",-1000.0,0.1224,False,
Qwen/Qwen3-8B,traffic_spike,14,{'command': 'kubectl throttle ingress --rate=0.3'},"Okay, let's tackle this problem. The user provided a complex system state and wants me to determine the right kubectl command to prevent cascading failure. Let me start by breaking down the current state.

First, looking at the ""failed_nodes"" array, it includes all nodes from 0 to 7. That's a lot of failed nodes. According to the triage tree, rule 6 is for Black Swan (Multi-Node Death), which says if multiple nodes are failed, throttle ingress to 0.3. But wait, the task hint mentions a traffic spike, so maybe throttling is necessary here. However, the error budget is 83.0, which is pretty high, but the task is to keep latency below 50ms. The current latency is 500ms, which is way over. 

But the failed_nodes list includes the DB node (node 0) as well. Wait, the cluster architecture says node 0 is the stateful DB (SPOF). If node 0 is failed, that's a critical issue. However, the prometheus metrics show that node 0 has a scrape error, but the DB's io_wait is 0.0. Maybe the DB is still operational, but the workers are failing. 

Looking at the CPU loads, node 5 has a CPU load of 1.0, which is maxed out. The queue length for node 5 is 326, which is very high. The mem_utilizations for node 5 is 0.634, which is under 0.92, so no OOM imminent. The task hint mentions a 3x normal request volume, so the system is under stress. 

Rule 3 is about hot shard (load balancer skew). If one worker's CPU is high while the average is low, shift traffic. Node 5 has CPU 1.0, others are 0.0 or -1.0 (which might be errors). The average CPU seems low because many nodes are failed. But the queue length on node 5 is 326, which is a problem. However, the failed_nodes include node 5, so maybe it's not available. Wait, the failed_nodes list includes all nodes, but the telemetry_status shows some nodes as ok (3,4,6). Wait, the telemetry_status for nodes 0-7: 0,1,2,3,4,5,6,7. The status for 3,4,6 are ok, others are timeout. So maybe nodes 3,4,6 are operational, but nodes 0,1,2,5,7 are failed. But the prometheus metrics show that node 5 has CPU utilization 1.0, memory 0.634, queue depth 326. So node 5 is a problem. 

But since node 5 is in failed_nodes, maybe it's not part of the active workers. Wait, the failed_nodes list is from the system state. The task hint says the system is experiencing 3x normal request volume. The current request rate is 90.0, which is 3x normal (since request_rate_norm is 0.018, but maybe that's normalized). The latency is 500ms, which is way above the target of 50ms. 

Rule 4 is for retry storm/thundering herd: if p99_latency > 100 and traffic spiking. The p99_latency is 0.0 here, so that doesn't apply. Rule 5: if a worker has low CPU but high latency, shift traffic. Node 5 has high CPU and queue depth, but maybe others are underutilized. 

But the main issue seems to be the failed_nodes. Rule 6 says if multiple nodes are failed, throttle ingress to 0.3. However, the DB is node 0, which is in failed_nodes. But the DB's io_wait is 0.0, so maybe it's not the DB that's failed. Wait, the failed_nodes list includes node 0, which is the DB. If the DB is failed, that's a critical problem. But the task hint says the goal is to keep latency below 50ms while maintaining full uptime. If the DB is down, the system can't maintain uptime. 

But the task hint also says to consider rerouting traffic from overloaded nodes, scaling up, or throttling. The error budget is 83.0, which is enough for some throttling. The current latency is 500ms, so we need to reduce that. 

Wait, the prometheus metrics show that cluster_latency_ms is 500, and cluster_p99_latency_ms is 0.0. That seems conflicting. Maybe the p99_latency is not being reported correctly. 

Looking back at the triage rules: 

Rule 6: If multiple nodes are failed, throttle ingress to 0.3. Since failed_nodes includes multiple nodes, this might be the case. But the DB is in failed_nodes. However, the DB is a SPOF, so if it's failed, the system is down. But the task is to maintain full uptime. So maybe the DB isn't actually failed, but the telemetry is incorrect. 

Alternatively, the failed_nodes list might be a list of nodes that are in a failed state, but some are still operational. For example, nodes 3,4,6 have telemetry_status as ok. So maybe the failed_nodes list is not accurate. But the system state says failed_nodes includes 0-7. 

This is confusing. Let me recheck the system state. 

The system state's failed_nodes is [0,1,2,3,4,5,6,7]. All nodes are failed. But the telemetry_status for nodes 3,4,6 is ""ok"". That's a contradiction. Maybe the failed_nodes list is not accurate, or the telemetry_status is more reliable. 

If nodes 3,4,6 are ok, but the failed_nodes list says all are failed, perhaps there's a discrepancy. But the user provided this data, so I have to work with it. 

Assuming that the failed_nodes list is accurate, then all nodes are failed. But that would mean the system is completely down. However, the task hint says the system is experiencing a traffic spike, so maybe the nodes are failing but still processing traffic. 

Alternatively, maybe the failed_nodes list is a list of nodes that have failed in some way, but not all are down. For example, node 5 is in failed_nodes but has CPU at 1.0, which is high. 

Given the complexity, perhaps the main issue is node 5, which is overloaded with CPU and queue depth. Rule 3: hot shard. If one worker's CPU is high (node 5) and others are low (nodes 3,4,6 are ok, but maybe others are not). However, the failed_nodes list includes node 5. 

Alternatively, the main problem is the high queue length on node 5, which is causing latency. Since the cluster_latency_ms is 500ms, which is way over the target. 

But according to the triage rules, the priority is to follow the order. Let me check each rule in order. 

Rule 1: OOM imminent. Check if any mem_utilization > 0.92. The mem_utilizations are 0.547, 0.544, 0.634, 0.545. All under 0.92. So no. 

Rule 2: SPLIT-BRAIN (Disk I/O Bottleneck). Check node_0's io_wait. The DB's io_wait is 0.0, so no. 

Rule 3: HOT SHARD. If one worker's CPU >0.90 and cluster average is low. Node 5 has CPU 1.0. The average CPU for workers (nodes 1-7) is: nodes 1-7 have CPU loads of -1.0 (maybe errors), 0.0, 1.0, 0.0, -1.0. So the average is (0 + 1 + 0 + ... ) / number of workers. But some are -1.0, which might be errors. Maybe the actual workers are nodes 3,4,6. Their CPU loads are 0.0, 0.0, 0.0. So average is 0.0. So node 5 has high CPU, so apply rule 3: shift traffic from node 5 to another node. But the failed_nodes list includes node 5, so maybe it's not available. 

But the task hint says to consider rerouting traffic from overloaded nodes. If node 5 is overloaded, even if it's in failed_nodes, maybe it's still processing traffic. 

Rule 4: p99_latency > 100 and traffic spiking. p99_latency is 0.0, so no. 

Rule 5: Zombie node (low CPU but high latency). Node 5 has high CPU and queue depth. Others have low CPU but maybe high latency. 

Rule 6: Multiple nodes failed. All nodes are failed. So apply rule 6: throttle ingress to 0.3. 

But the DB is node 0, which is in failed_nodes. If the DB is down, the system can't function. However, the task is to maintain full uptime. So perhaps the failed_nodes list is not accurate. 

Alternatively, the DB is still operational, and the failed_nodes list refers to other nodes. But the telemetry_status for node 0 is ""timeout"", which might mean it's down. 

This is conflicting. Given the ambiguity, the main issue seems to be the high queue depth on node 5 and the high latency. But according to the triage rules, the first applicable rule is the one that should be addressed. 

Since all nodes are in failed_nodes, rule 6 applies. So the action would be to throttle ingress to 0.3. But the error budget is 83.0, which is sufficient for that. 

Alternatively, if node 5 is the problem, then rule 3 applies. But the failed_nodes list includes node 5. 

Hmm. The task hint says the system is experiencing 3x normal request volume. The current request rate is 90.0, which might be 3x normal. The latency is 500ms, which is way over. 

The priority is to prevent cascading failure. If multiple nodes are failed (rule 6), then throttling is needed. So the action is to throttle ingress to 0.3. 

But I'm not sure. Another angle: the failed_nodes list might be a list of nodes that are in failed state, but the DB is still up. If the DB is node 0, and it's in failed_nodes, but the io_wait is 0.0, maybe it's not the DB that's failed. 

This is confusing. Given the information, the best approach is to follow the triage rules in order. Since rule 6 is about multiple failed nodes, and the failed_nodes list includes all, then rule 6 applies. So the action is kubectl throttle ingress --rate=0.3.",-1000.0,0.1051,False,
