model,task_id,step,action_taken,reward,cumulative_score,done,error
gemini-2.5-pro,traffic_spike,1,"{'action_type': 'no_op', 'kubectl_command': 'no_op'}",API Error - Fallback to no_op,-10.0,0.5,False,
gemini-2.5-pro,traffic_spike,2,"{'action_type': 'no_op', 'kubectl_command': 'no_op'}",API Error - Fallback to no_op,-10.0,0.5,False,
gemini-2.5-pro,traffic_spike,3,"{'action_type': 'no_op', 'kubectl_command': 'no_op'}",API Error - Fallback to no_op,-10.0,0.475,False,
gemini-2.5-pro,traffic_spike,4,"{'action_type': 'no_op', 'kubectl_command': 'no_op'}",API Error - Fallback to no_op,-10.0,0.4062,False,
gemini-2.5-pro,traffic_spike,5,"{'action_type': 'no_op', 'kubectl_command': 'no_op'}",API Error - Fallback to no_op,-10.0,0.365,False,
gemini-2.5-pro,traffic_spike,6,"{'action_type': 'no_op', 'kubectl_command': 'no_op'}",API Error - Fallback to no_op,-10.0,0.3375,False,
gemini-2.5-pro,traffic_spike,7,"{'action_type': 'no_op', 'kubectl_command': 'no_op'}",API Error - Fallback to no_op,-10.0,0.3179,False,
gemini-2.5-pro,traffic_spike,8,"{'action_type': 'no_op', 'kubectl_command': 'no_op'}",API Error - Fallback to no_op,-10.0,0.3031,False,
gemini-2.5-pro,traffic_spike,9,"{'action_type': 'no_op', 'kubectl_command': 'no_op'}",API Error - Fallback to no_op,-10.0,0.2917,False,
gemini-2.5-pro,traffic_spike,10,"{'action_type': 'no_op', 'kubectl_command': 'no_op'}",API Error - Fallback to no_op,-10.0,0.2825,False,
gemini-2.5-pro,traffic_spike,11,"{'action_type': 'no_op', 'kubectl_command': 'no_op'}",API Error - Fallback to no_op,-10.0,0.275,False,
gemini-2.5-pro,traffic_spike,12,"{'action_type': 'no_op', 'kubectl_command': 'no_op'}",API Error - Fallback to no_op,-10.0,0.2687,False,
gemini-2.5-pro,traffic_spike,13,"{'action_type': 'no_op', 'kubectl_command': 'no_op'}",API Error - Fallback to no_op,-10.0,0.2635,False,
gemini-2.5-pro,traffic_spike,14,"{'action_type': 'no_op', 'kubectl_command': 'no_op'}",API Error - Fallback to no_op,-10.0,0.2589,False,
gemini-2.5-pro,traffic_spike,15,"{'action_type': 'no_op', 'kubectl_command': 'no_op'}",API Error - Fallback to no_op,-10.0,0.255,False,
gemini-2.5-pro,traffic_spike,16,"{'action_type': 'no_op', 'kubectl_command': 'no_op'}",API Error - Fallback to no_op,-10.0,0.2516,False,
gemini-2.5-pro,traffic_spike,17,"{'action_type': 'no_op', 'kubectl_command': 'no_op'}",API Error - Fallback to no_op,-10.0,0.2485,False,
gemini-2.5-pro,traffic_spike,18,"{'action_type': 'no_op', 'kubectl_command': 'no_op'}",API Error - Fallback to no_op,-10.0,0.2458,False,
gemini-2.5-pro,traffic_spike,19,"{'action_type': 'no_op', 'kubectl_command': 'no_op'}",API Error - Fallback to no_op,-10.0,0.2434,False,
gemini-2.5-pro,traffic_spike,20,"{'action_type': 'no_op', 'kubectl_command': 'no_op'}",API Error - Fallback to no_op,-10.0,0.2413,False,
gemini-2.5-pro,traffic_spike,21,"{'action_type': 'no_op', 'kubectl_command': 'no_op'}",API Error - Fallback to no_op,-10.0,0.2393,False,
gemini-2.5-pro,traffic_spike,22,"{'action_type': 'no_op', 'kubectl_command': 'no_op'}",API Error - Fallback to no_op,-10.0,0.2375,False,
gemini-2.5-pro,traffic_spike,23,"{'action_type': 'no_op', 'kubectl_command': 'no_op'}",API Error - Fallback to no_op,-10.0,0.2359,False,
gemini-2.5-pro,traffic_spike,24,"{'action_type': 'no_op', 'kubectl_command': 'no_op'}",API Error - Fallback to no_op,-10.0,0.2344,False,
gemini-2.5-pro,traffic_spike,25,"{'action_type': 'no_op', 'kubectl_command': 'no_op'}",API Error - Fallback to no_op,-10.0,0.233,False,
gemini-2.5-pro,traffic_spike,26,"{'action_type': 'no_op', 'kubectl_command': 'no_op'}",API Error - Fallback to no_op,-10.0,0.2317,False,
gemini-2.5-pro,traffic_spike,27,"{'action_type': 'no_op', 'kubectl_command': 'no_op'}",API Error - Fallback to no_op,-10.0,0.2306,False,
gemini-2.5-pro,traffic_spike,28,"{'action_type': 'no_op', 'kubectl_command': 'no_op'}",API Error - Fallback to no_op,-10.0,0.2295,False,
